{
  "source_npz": "resources/motions/f1/v1.5/processed/07_03_walk_yup_recwalk_base_lowerbody_smooth_p8_120_180_groundfit_minima_safe_rephase_stable_bodypos.npz",
  "source_frame": 414,
  "processed_npz": "resources/motions/f1/v1.5/processed/07_03_walk_yup_recwalk_base_lowerbody_smooth_p8_120_180_groundfit_minima_safe_rephase_lastframe_static.npz",
  "frame_count": 2,
  "duration": 0.019999999552965164,
  "dt": 0.019999999552965164,
  "fps": 50.00000111758712,
  "root_height_offset": 0.0,
  "root_pos": [
    -0.7172374725341797,
    0.9711823463439941,
    0.6256147623062134
  ],
  "root_quat_xyzw": [
    0.032958921045064926,
    -0.025108907371759415,
    0.6746370792388916,
    0.7369858026504517
  ],
  "original_last_root_pos": [
    -0.7172374725341797,
    0.9711823463439941,
    0.6256147623062134
  ],
  "original_last_root_quat_xyzw": [
    0.032958921045064926,
    -0.025108907371759415,
    0.6746370792388916,
    0.7369858026504517
  ],
  "original_last_root_lin_vel": [
    -0.025286078453063965,
    0.21305948495864868,
    -0.020248889923095703
  ],
  "original_last_root_ang_vel": [
    -0.06252651661634445,
    -0.11257123947143555,
    -0.09472662210464478
  ],
  "original_last_dof_vel_abs_mean": 0.20799794793128967,
  "original_last_dof_vel_abs_max": 1.7383978366851807,
  "notes": [
    "Static reference generated by repeating the last frame of the rephased motion twice.",
    "All root and DOF velocities are zeroed.",
    "No extra root height offset is baked into the NPZ; training reset_root_height_offset should be 0.0."
  ]
}
